"Variable / Field Name","Form Name","Section Header","Field Type","Field Label","Choices, Calculations, OR Slider Labels","Field Note","Text Validation Type OR Show Slider Number","Text Validation Min","Text Validation Max",Identifier?,"Branching Logic (Show field only if...)","Required Field?","Custom Alignment","Question Number (surveys only)","Matrix Group Name","Matrix Ranking?","Field Annotation"
positive_culture_number_02_07,infection,,text,positive_culture_number,,,,,,,,,,,,,
positive_culture_02_07,infection,,yesno,positive_culture,,,,,,,,,,,,,
positive_culture_src_02_07,infection,,radio,positive_culture_src,"1, blood | 2, csf | 3, urine | 4, tracheal aspirate | 5, peritoneal",positiveCultureSrc,,,,,,,,,,,
positive_culture_date_02_07,infection,,text,positive_culture_date,,,,,,,,,,,,,
positive_culture_time_02_07,infection,,text,positive_culture_time,,,,,,,,,,,,,
positive_culture_organism_code1_02_07,infection,,dropdown,positive_culture_organism_code1,"1, Other; Code to be assigned | 2, Staphylococcus sp. | 3, Staphylococcus aureus | 4, Staphylococcus epidermidis | 5, Staphylococcus sp. Unknown, coag -neg | 6, Micrococcus sp. | 7, Streptococcus sp. (includes Enterococcus) | 8, Streptococcus viridans | 9, Streptococcus Group A | 10, Streptococcus Group B | 11, Streptococcus Group G | 12, Streptococcus pneumoniae | 13, Streptococcus Group D | 14, Streptococcus Group D faecum | 15, Streptococcus Group D faecalis | 16, Bacillus sp. | 17, Listeria sp. | 18, Listeria monocytogenes | 19, Escherichia coli | 20, Salmonella sp | 21, Shigella sp. | 22, Citrobacter sp. | 23, Klebsiella sp. | 24, Enterobacter sp. | 25, Enterobacter cloacae | 26, Serratia sp. | 27, Serratia marcescens | 28, Proteus sp. | 29, Providencia sp. | 30, Pseudomonas sp. | 31, Pseudomonas aeruginosa | 32, Pseudomonas cepacia | 33, Acinetobacter antiratus | 34, Herellea vaginicola | 35, Bacteroides sp. | 36, Clostridia sp. | 37, Fusobacterium nucleatum | 38, Peptococcus sp. | 39, Peptostreptococcus sp. | 40, Propionibacterium sp. | 41, Corynebacterium sp. | 42, Streptocbacillus sp. | 43, Treponema sp. | 44, Treponema pallidum (Syphilis) | 45, Neisseria sp. | 46, Neisseria gonorrhoeae | 47, Hemophilus sp. | 48, Hemophilus influenzae | 49, Hemophilus vaginalis | 50, Other Bacteria; Code to be assigned | 51, Meningococcus meningitis | 52, Other Antigen; Code to be assigned | 53, Aspergillus fumigatus | 54, Aspergillus sp. | 55, Candida sp. | 56, Candida albicans | 57, Candida parapsilosis | 58, Torulopsis glabrata | 59, Alternaria sp. | 60, Auroebasidium sp. | 61, Cladsporium sp. | 62, Rhodotorula sp. | 63, Saccharomyces sp. (yeast) | 64, Malassezia fur fur | 65, Other Fungi; Code to be assigned | 66, CMV | 67, Coxsackie | 68, Herpes | 69, Hepatitis | 70, HIV | 71, RSV | 72, Rotavirus | 73, Rubella | 74, Toxoplasmosis hominis | 75, Mycoplasma | 76, Ureaplasma urealyticum | 77, Para Influenza | 78, Other Virus; Code to be assigned",positiveCultureOrganism,,,,,,,,,,,
positive_culture_organism_code2_02_07,infection,,dropdown,positive_culture_organism_code2,"1, Other; Code to be assigned | 2, Staphylococcus sp. | 3, Staphylococcus aureus | 4, Staphylococcus epidermidis | 5, Staphylococcus sp. Unknown, coag -neg | 6, Micrococcus sp. | 7, Streptococcus sp. (includes Enterococcus) | 8, Streptococcus viridans | 9, Streptococcus Group A | 10, Streptococcus Group B | 11, Streptococcus Group G | 12, Streptococcus pneumoniae | 13, Streptococcus Group D | 14, Streptococcus Group D faecum | 15, Streptococcus Group D faecalis | 16, Bacillus sp. | 17, Listeria sp. | 18, Listeria monocytogenes | 19, Escherichia coli | 20, Salmonella sp | 21, Shigella sp. | 22, Citrobacter sp. | 23, Klebsiella sp. | 24, Enterobacter sp. | 25, Enterobacter cloacae | 26, Serratia sp. | 27, Serratia marcescens | 28, Proteus sp. | 29, Providencia sp. | 30, Pseudomonas sp. | 31, Pseudomonas aeruginosa | 32, Pseudomonas cepacia | 33, Acinetobacter antiratus | 34, Herellea vaginicola | 35, Bacteroides sp. | 36, Clostridia sp. | 37, Fusobacterium nucleatum | 38, Peptococcus sp. | 39, Peptostreptococcus sp. | 40, Propionibacterium sp. | 41, Corynebacterium sp. | 42, Streptocbacillus sp. | 43, Treponema sp. | 44, Treponema pallidum (Syphilis) | 45, Neisseria sp. | 46, Neisseria gonorrhoeae | 47, Hemophilus sp. | 48, Hemophilus influenzae | 49, Hemophilus vaginalis | 50, Other Bacteria; Code to be assigned | 51, Meningococcus meningitis | 52, Other Antigen; Code to be assigned | 53, Aspergillus fumigatus | 54, Aspergillus sp. | 55, Candida sp. | 56, Candida albicans | 57, Candida parapsilosis | 58, Torulopsis glabrata | 59, Alternaria sp. | 60, Auroebasidium sp. | 61, Cladsporium sp. | 62, Rhodotorula sp. | 63, Saccharomyces sp. (yeast) | 64, Malassezia fur fur | 65, Other Fungi; Code to be assigned | 66, CMV | 67, Coxsackie | 68, Herpes | 69, Hepatitis | 70, HIV | 71, RSV | 72, Rotavirus | 73, Rubella | 74, Toxoplasmosis hominis | 75, Mycoplasma | 76, Ureaplasma urealyticum | 77, Para Influenza | 78, Other Virus; Code to be assigned",positiveCultureOrganism,,,,,,,,,,,
positive_culture_organism_code3_02_07,infection,,dropdown,positive_culture_organism_code3,"1, Other; Code to be assigned | 2, Staphylococcus sp. | 3, Staphylococcus aureus | 4, Staphylococcus epidermidis | 5, Staphylococcus sp. Unknown, coag -neg | 6, Micrococcus sp. | 7, Streptococcus sp. (includes Enterococcus) | 8, Streptococcus viridans | 9, Streptococcus Group A | 10, Streptococcus Group B | 11, Streptococcus Group G | 12, Streptococcus pneumoniae | 13, Streptococcus Group D | 14, Streptococcus Group D faecum | 15, Streptococcus Group D faecalis | 16, Bacillus sp. | 17, Listeria sp. | 18, Listeria monocytogenes | 19, Escherichia coli | 20, Salmonella sp | 21, Shigella sp. | 22, Citrobacter sp. | 23, Klebsiella sp. | 24, Enterobacter sp. | 25, Enterobacter cloacae | 26, Serratia sp. | 27, Serratia marcescens | 28, Proteus sp. | 29, Providencia sp. | 30, Pseudomonas sp. | 31, Pseudomonas aeruginosa | 32, Pseudomonas cepacia | 33, Acinetobacter antiratus | 34, Herellea vaginicola | 35, Bacteroides sp. | 36, Clostridia sp. | 37, Fusobacterium nucleatum | 38, Peptococcus sp. | 39, Peptostreptococcus sp. | 40, Propionibacterium sp. | 41, Corynebacterium sp. | 42, Streptocbacillus sp. | 43, Treponema sp. | 44, Treponema pallidum (Syphilis) | 45, Neisseria sp. | 46, Neisseria gonorrhoeae | 47, Hemophilus sp. | 48, Hemophilus influenzae | 49, Hemophilus vaginalis | 50, Other Bacteria; Code to be assigned | 51, Meningococcus meningitis | 52, Other Antigen; Code to be assigned | 53, Aspergillus fumigatus | 54, Aspergillus sp. | 55, Candida sp. | 56, Candida albicans | 57, Candida parapsilosis | 58, Torulopsis glabrata | 59, Alternaria sp. | 60, Auroebasidium sp. | 61, Cladsporium sp. | 62, Rhodotorula sp. | 63, Saccharomyces sp. (yeast) | 64, Malassezia fur fur | 65, Other Fungi; Code to be assigned | 66, CMV | 67, Coxsackie | 68, Herpes | 69, Hepatitis | 70, HIV | 71, RSV | 72, Rotavirus | 73, Rubella | 74, Toxoplasmosis hominis | 75, Mycoplasma | 76, Ureaplasma urealyticum | 77, Para Influenza | 78, Other Virus; Code to be assigned",positiveCultureOrganism,,,,,,,,,,,
antibiotics_02_07,infection,,yesno,antibiotics,,,,,,,,,,,,,
antibiotics_code1_02_07,infection,,dropdown,antibiotics_code1,"1, Ampicillin | 2, Carbenicillin | 3, Oxacillin | 4, Penicillin G | 5, Piperacillin | 6, Ticarcillin | 7, Mexlocillin | 8, Methicillin | 9, Nafcillin | 10, Cephalothin | 11, Cefazolin (Kefzol) | 12, Cefotaxime (Claforan) | 13, Cefoxitin | 14, Moxalactam | 15, Ceftazadime (Fortaz) | 16, Ceftriaxone (Rocephin) | 17, Ceftizoxime | 18, Cefuroxime | 19, Cefotetan | 20, Amikacin | 21, Gentamicin | 22, Kanamycin | 23, Tobramycin | 24, Amphotericin B | 25, Flucytosine (5FC) | 26, Vancomycin | 27, Vidarabine | 28, Bactrim | 29, Chloramphenicol (Chloromycetin) | 30, Oral Nystatin | 31, Clindamycin | 32, Erythromycin (IV) | 33, Fluconazole | 34, Imipenem | 35, Metronidazole | 36, Aztreonam | 37, Acyclovir | 38, Ganciclovir | 39, Ribavirin (Aerosol) | 40, Zidovuldine (AZT) | 41, Other",antibiotics,,,,,,,,,,,
antibiotics_code2_02_07,infection,,dropdown,antibiotics_code2,"1, Ampicillin | 2, Carbenicillin | 3, Oxacillin | 4, Penicillin G | 5, Piperacillin | 6, Ticarcillin | 7, Mexlocillin | 8, Methicillin | 9, Nafcillin | 10, Cephalothin | 11, Cefazolin (Kefzol) | 12, Cefotaxime (Claforan) | 13, Cefoxitin | 14, Moxalactam | 15, Ceftazadime (Fortaz) | 16, Ceftriaxone (Rocephin) | 17, Ceftizoxime | 18, Cefuroxime | 19, Cefotetan | 20, Amikacin | 21, Gentamicin | 22, Kanamycin | 23, Tobramycin | 24, Amphotericin B | 25, Flucytosine (5FC) | 26, Vancomycin | 27, Vidarabine | 28, Bactrim | 29, Chloramphenicol (Chloromycetin) | 30, Oral Nystatin | 31, Clindamycin | 32, Erythromycin (IV) | 33, Fluconazole | 34, Imipenem | 35, Metronidazole | 36, Aztreonam | 37, Acyclovir | 38, Ganciclovir | 39, Ribavirin (Aerosol) | 40, Zidovuldine (AZT) | 41, Other",antibiotics,,,,,,,,,,,
antibiotics_code3_02_07,infection,,dropdown,antibiotics_code3,"1, Ampicillin | 2, Carbenicillin | 3, Oxacillin | 4, Penicillin G | 5, Piperacillin | 6, Ticarcillin | 7, Mexlocillin | 8, Methicillin | 9, Nafcillin | 10, Cephalothin | 11, Cefazolin (Kefzol) | 12, Cefotaxime (Claforan) | 13, Cefoxitin | 14, Moxalactam | 15, Ceftazadime (Fortaz) | 16, Ceftriaxone (Rocephin) | 17, Ceftizoxime | 18, Cefuroxime | 19, Cefotetan | 20, Amikacin | 21, Gentamicin | 22, Kanamycin | 23, Tobramycin | 24, Amphotericin B | 25, Flucytosine (5FC) | 26, Vancomycin | 27, Vidarabine | 28, Bactrim | 29, Chloramphenicol (Chloromycetin) | 30, Oral Nystatin | 31, Clindamycin | 32, Erythromycin (IV) | 33, Fluconazole | 34, Imipenem | 35, Metronidazole | 36, Aztreonam | 37, Acyclovir | 38, Ganciclovir | 39, Ribavirin (Aerosol) | 40, Zidovuldine (AZT) | 41, Other",antibiotics,,,,,,,,,,,
rewarming_antibiotics_02_07,infection,,yesno,rewarming_antibiotics,,,,,,,,,,,,,
rewarming_antibiotics_code1_02_07,infection,,dropdown,rewarming_antibiotics_code1,"1, Ampicillin | 2, Carbenicillin | 3, Oxacillin | 4, Penicillin G | 5, Piperacillin | 6, Ticarcillin | 7, Mexlocillin | 8, Methicillin | 9, Nafcillin | 10, Cephalothin | 11, Cefazolin (Kefzol) | 12, Cefotaxime (Claforan) | 13, Cefoxitin | 14, Moxalactam | 15, Ceftazadime (Fortaz) | 16, Ceftriaxone (Rocephin) | 17, Ceftizoxime | 18, Cefuroxime | 19, Cefotetan | 20, Amikacin | 21, Gentamicin | 22, Kanamycin | 23, Tobramycin | 24, Amphotericin B | 25, Flucytosine (5FC) | 26, Vancomycin | 27, Vidarabine | 28, Bactrim | 29, Chloramphenicol (Chloromycetin) | 30, Oral Nystatin | 31, Clindamycin | 32, Erythromycin (IV) | 33, Fluconazole | 34, Imipenem | 35, Metronidazole | 36, Aztreonam | 37, Acyclovir | 38, Ganciclovir | 39, Ribavirin (Aerosol) | 40, Zidovuldine (AZT) | 41, Other",antibiotics,,,,,,,,,,,
rewarming_antibiotics_code2_02_07,infection,,dropdown,rewarming_antibiotics_code2,"1, Ampicillin | 2, Carbenicillin | 3, Oxacillin | 4, Penicillin G | 5, Piperacillin | 6, Ticarcillin | 7, Mexlocillin | 8, Methicillin | 9, Nafcillin | 10, Cephalothin | 11, Cefazolin (Kefzol) | 12, Cefotaxime (Claforan) | 13, Cefoxitin | 14, Moxalactam | 15, Ceftazadime (Fortaz) | 16, Ceftriaxone (Rocephin) | 17, Ceftizoxime | 18, Cefuroxime | 19, Cefotetan | 20, Amikacin | 21, Gentamicin | 22, Kanamycin | 23, Tobramycin | 24, Amphotericin B | 25, Flucytosine (5FC) | 26, Vancomycin | 27, Vidarabine | 28, Bactrim | 29, Chloramphenicol (Chloromycetin) | 30, Oral Nystatin | 31, Clindamycin | 32, Erythromycin (IV) | 33, Fluconazole | 34, Imipenem | 35, Metronidazole | 36, Aztreonam | 37, Acyclovir | 38, Ganciclovir | 39, Ribavirin (Aerosol) | 40, Zidovuldine (AZT) | 41, Other",antibiotics,,,,,,,,,,,
rewarming_antibiotics_code3_02_07,infection,,dropdown,rewarming_antibiotics_code3,"1, Ampicillin | 2, Carbenicillin | 3, Oxacillin | 4, Penicillin G | 5, Piperacillin | 6, Ticarcillin | 7, Mexlocillin | 8, Methicillin | 9, Nafcillin | 10, Cephalothin | 11, Cefazolin (Kefzol) | 12, Cefotaxime (Claforan) | 13, Cefoxitin | 14, Moxalactam | 15, Ceftazadime (Fortaz) | 16, Ceftriaxone (Rocephin) | 17, Ceftizoxime | 18, Cefuroxime | 19, Cefotetan | 20, Amikacin | 21, Gentamicin | 22, Kanamycin | 23, Tobramycin | 24, Amphotericin B | 25, Flucytosine (5FC) | 26, Vancomycin | 27, Vidarabine | 28, Bactrim | 29, Chloramphenicol (Chloromycetin) | 30, Oral Nystatin | 31, Clindamycin | 32, Erythromycin (IV) | 33, Fluconazole | 34, Imipenem | 35, Metronidazole | 36, Aztreonam | 37, Acyclovir | 38, Ganciclovir | 39, Ribavirin (Aerosol) | 40, Zidovuldine (AZT) | 41, Other",antibiotics,,,,,,,,,,,
