"Variable / Field Name","Form Name","Section Header","Field Type","Field Label","Choices, Calculations, OR Slider Labels","Field Note","Text Validation Type OR Show Slider Number","Text Validation Min","Text Validation Max",Identifier?,"Branching Logic (Show field only if...)","Required Field?","Custom Alignment","Question Number (surveys only)","Matrix Group Name","Matrix Ranking?","Field Annotation"
discharge_major_surgery_04_11,discharge_surgery,,yesno,discharge_major_surgery,,,,,,,,,,,,,
discharge_surgery_code1_04_11,discharge_surgery,,radio,discharge_surgery_code1,"1, Laparotomy | 2, Bowel resection end to end anastomosis | 3, Jejunostomy/ileostomy/colostomy | 4, Ostomy takedown/reanastomosis | 5, Peritoneal drain (for NEC) | 6, Gastrostomy | 7, Appendectomy | 8, Fundoplication | 9, T-E fistula/esophageal atresia repair | 10, Gastroschisis/omphalocele repair | 11, Diaphragmatic hernia repair | 12, Inguinal hernia repair | 13, Tracheostomy | 14, Anterior cricoid split | 15, ECMO | 16, Repair of extrophy of the bladder | 17, Urinary diversion | 18, Peritoneal dialysis | 19, Correction of choanal atresia | 20, Repair of cleft lip/palate | 21, Ventricular peritoneal shunt | 22, Central line placement | 23, Other Surgeries not listed",surgery,,,,,,,,,,,
discharge_surgery_code2_04_11,discharge_surgery,,radio,discharge_surgery_code2,"1, Laparotomy | 2, Bowel resection end to end anastomosis | 3, Jejunostomy/ileostomy/colostomy | 4, Ostomy takedown/reanastomosis | 5, Peritoneal drain (for NEC) | 6, Gastrostomy | 7, Appendectomy | 8, Fundoplication | 9, T-E fistula/esophageal atresia repair | 10, Gastroschisis/omphalocele repair | 11, Diaphragmatic hernia repair | 12, Inguinal hernia repair | 13, Tracheostomy | 14, Anterior cricoid split | 15, ECMO | 16, Repair of extrophy of the bladder | 17, Urinary diversion | 18, Peritoneal dialysis | 19, Correction of choanal atresia | 20, Repair of cleft lip/palate | 21, Ventricular peritoneal shunt | 22, Central line placement | 23, Other Surgeries not listed",surgery,,,,,,,,,,,
discharge_surgery_code3_04_11,discharge_surgery,,radio,discharge_surgery_code3,"1, Laparotomy | 2, Bowel resection end to end anastomosis | 3, Jejunostomy/ileostomy/colostomy | 4, Ostomy takedown/reanastomosis | 5, Peritoneal drain (for NEC) | 6, Gastrostomy | 7, Appendectomy | 8, Fundoplication | 9, T-E fistula/esophageal atresia repair | 10, Gastroschisis/omphalocele repair | 11, Diaphragmatic hernia repair | 12, Inguinal hernia repair | 13, Tracheostomy | 14, Anterior cricoid split | 15, ECMO | 16, Repair of extrophy of the bladder | 17, Urinary diversion | 18, Peritoneal dialysis | 19, Correction of choanal atresia | 20, Repair of cleft lip/palate | 21, Ventricular peritoneal shunt | 22, Central line placement | 23, Other Surgeries not listed",surgery,,,,,,,,,,,
